{"6089411393": {"wins": 36, "losses": 31, "total_profit": -311.1598}, "house": {"total_profit": 2457.451433999996}, "7385817417": {"wins": 0, "losses": 3, "total_profit": -3.0}, "6113862975": {"wins": 2, "losses": 0, "total_profit": 0.8417000000000001}, "1197530278": {"wins": 10, "losses": 12, "total_profit": -216.11230000000006}, "7517460374": {"wins": 1, "losses": 0, "total_profit": 0.3675999999999999}, "954862303": {"wins": 38, "losses": 40, "total_profit": -346.11761900000005}, "5104051883": {"wins": 3, "losses": 5, "total_profit": -26.3354}, "6679897687": {"wins": 1, "losses": 0, "total_profit": 0.7885}, "7414688416": {"wins": 19, "losses": 6, "total_profit": -7.437124000000009}, "7481320052": {"wins": 0, "losses": 1, "total_profit": -1.0}, "7513977664": {"wins": 11, "losses": 15, "total_profit": -11.141399999999999}, "1151628903": {"wins": 16, "losses": 26, "total_profit": -51.963325999999995}, "2117644967": {"wins": 0, "losses": 1, "total_profit": -1.0}, "5609641007": {"wins": 1, "losses": 0, "total_profit": 0.10709999999999997}, "1123654510": {"wins": 1, "losses": 0, "total_profit": 1.1136}, "5643136990": {"wins": 3, "losses": 3, "total_profit": -5.4692}, "1529161465": {"wins": 1, "losses": 2, "total_profit": -1.44577}, "6607915967": {"wins": 3, "losses": 1, "total_profit": -0.2408499999999998}, "1654276124": {"wins": 1, "losses": 3, "total_profit": -2.3392999999999997}, "6390438585": {"wins": 0, "losses": 1, "total_profit": -1.0}, "1493164653": {"wins": 0, "losses": 3, "total_profit": -3.0}, "1834563965": {"wins": 2, "losses": 10, "total_profit": -8.919799999999999}, "7382455623": {"wins": 33, "losses": 22, "total_profit": 12.2165}, "6824222526": {"wins": 1, "losses": 3, "total_profit": -1.7728000000000002}, "997128603": {"wins": 0, "losses": 1, "total_profit": -1.0}, "6130443398": {"wins": 0, "losses": 1, "total_profit": -1.0}, "6132672836": {"wins": 1, "losses": 0, "total_profit": 0.10709999999999997}, "1905417228": {"wins": 0, "losses": 1, "total_profit": -1.0}, "7925580265": {"wins": 2, "losses": 0, "total_profit": 0.5912999999999999}, "7062747790": {"wins": 0, "losses": 2, "total_profit": -6.0}, "7463532054": {"wins": 7, "losses": 2, "total_profit": -41.131699999999995}, "7500992030": {"wins": 7, "losses": 2, "total_profit": -62.486615}, "7108985757": {"wins": 3, "losses": 4, "total_profit": -64.152}, "7458673127": {"wins": 1, "losses": 1, "total_profit": -0.8374999999999999}, "7522258403": {"wins": 0, "losses": 1, "total_profit": -1.0}, "7528450415": {"wins": 0, "losses": 1, "total_profit": -100.0}, "7537304510": {"wins": 1, "losses": 2, "total_profit": -108.815}, "7307046679": {"wins": 6, "losses": 12, "total_profit": -175.3254}, "7459867344": {"wins": 2, "losses": 2, "total_profit": -40.06999999999999}, "6921591454": {"wins": 2, "losses": 0, "total_profit": 0.3026}, "6236244378": {"wins": 143, "losses": 37, "total_profit": -632.1087000000002}, "8047799780": {"wins": 17, "losses": 1, "total_profit": -8.031399999999996}, "8077053667": {"wins": 65, "losses": 6, "total_profit": -201.4777300000002}, "6854130295": {"wins": 1, "losses": 2, "total_profit": -0.8765000000000003}, "5052970071": {"wins": 4, "losses": 1, "total_profit": 0.49029999999999996}, "6369535491": {"wins": 0, "losses": 1, "total_profit": -3.0}, "7943636423": {"wins": 1, "losses": 4, "total_profit": -25.0612}, "1609847037": {"wins": 13, "losses": 3, "total_profit": -1.5492999999999997}}